file,dialogueId,nodeId,speaker,text,characterSpriteLeft,characterSpriteCenter,characterSpriteRight,backgroundSprite,command,nextNodeId,choices,slideIn,noFade,slideFromRight
ch0_origin.json,ch0_origin,0,,— 2025년 봄. (1년 반 전),,,,Images/bg_flashback,,1,,,,
ch0_origin.json,ch0_origin,1,,노을시 지방법원. 한 여자가 재판 기록 더미 앞에 앉아 있다.,,,,,,2,,,,
ch0_origin.json,ch0_origin,2,세이카,...이상하네. 노을시 구시가지 실종 사건... 5년 간격으로 사람이 증발했는데 전부 수사 중단이라고? 심지어 기록조차 거의 안 남아있잖아.,,Characters/세이카/찡그림,,,,3,,,True,
ch0_origin.json,ch0_origin,3,세이카,마치 처음부터 존재하지 않았던 사람들처럼.,,Characters/세이카/찡그림,,,,4,,,True,
ch0_origin.json,ch0_origin,4,세이카,...실종 사건 기록에 의도적인 누락이 있는 것 같습니다. 경찰 쪽에서 조직적으로 은폐한 흔적이—,,Characters/세이카/기본,,,,5,,,True,
ch0_origin.json,ch0_origin,10004,세이카,기록 대부분은 이미 사라져 있었어. 하지만 법원 깊숙한 서고에 종이로만 남아있던 재판 기록 몇 건이... 아슬아슬하게 남아 있었지.,,Characters/세이카/기본,,,,6,,,,
ch0_origin.json,ch0_origin,5,,"""세이카 씨, 우리 로펌의 주요 고객 중에 노을시 경찰청 관계자가 있다는 거 알지? 그러니까 이 건은 더 이상 건드리지 마."" 선임은 단호하게 세이카의 말을 끊었다.",,,,,,10005,,,,
ch0_origin.json,ch0_origin,10005,세이카,...,,Characters/세이카/기본,,,,10004,,,,
ch0_origin.json,ch0_origin,6,,"법이 진실을 지켜줄 거라고 믿었다. 하지만 법은 때때로, 진실을 묻는 도구로도 쓰인다.",,,,,,7,,,,
ch0_origin.json,ch0_origin,7,세이카,"...사라진 사람들, 기록에서 지워진 사람들. 이걸 그냥 넘기면... 나도 공범이 되는 거 아닌가.",,Characters/세이카/찡그림,,,,8,,,True,
ch0_origin.json,ch0_origin,8,,"— 2025년 10월 31일, 할로윈 밤. (1년 전)",,,,Images/bg_flashback,,9,,,,
ch0_origin.json,ch0_origin,9,,실종 사건을 혼자 조사하던 세이카는 모든 사건의 중심에 있는 장소를 찾아냈다. 구시가지 언덕 꼭대기에 있는 '이케다 저택'.,,,,,,10,,,,
ch0_origin.json,ch0_origin,10,세이카,할로윈 밤에 유령의 집을 조사하다니... 마치 게임 같은 전개네.,,Characters/세이카/기본,,,,11,,,True,
ch0_origin.json,ch0_origin,11,,삐걱거리는 계단을 올라 3층 서재에 들어선 순간—,,,,,EFFECT:SHAKE,12,,,,
ch0_origin.json,ch0_origin,12,,아무도 없는 서재에서 책장의 책들이 한 권씩 스스로 빠져나와 바닥에 쌓이기 시작했다.,,,,,EFFECT:FLASH,13,,,,
ch0_origin.json,ch0_origin,13,세이카,...뭐야.,,Characters/세이카/놀람,,,,14,,,True,
ch0_origin.json,ch0_origin,14,,바닥에 떨어진 책들의 제목을 이으면 하나의 문장이 되었다.,,,,,,15,,,,
ch0_origin.json,ch0_origin,15,,"「찾아줘, 잊혀진 우리를.」",,,,,EFFECT:FLASH,16,,,,
ch0_origin.json,ch0_origin,16,세이카,...잊혀진 이들. 내가 찾던 답이 여기에 있었던 건가.,,Characters/세이카/찡그림,,,,17,,,True,
ch0_origin.json,ch0_origin,17,,찜찜한 마음에 경찰에 신고했지만 '기류에 의한 낙하'로 종결. 하지만 세이카에게는 확신이 생겼다.,,,,,,18,,,,
ch0_origin.json,ch0_origin,18,세이카,"법으로는 안 돼, 경찰도 안 돼. 그렇다면 내가 직접 파헤칠 수밖에 없지.",,Characters/세이카/기본,,,,19,,,True,
ch0_origin.json,ch0_origin,19,,"세이카는 부모님을 찾아갔다. 로펌을 그만두고, 사설 사무소를 열겠다고.",,,,,,20,,,,
ch0_origin.json,ch0_origin,20,어머니,"사설 사무소? 실종 수사?! 네가 얼마나 힘들게 여기까지 왔는데, 그걸 전부 버리겠다는 거야?!",,,,,,21,,,,
ch0_origin.json,ch0_origin,21,아버지,"세이카, 냉정하게 생각해라. 경찰도 손 놓은 사건을 네가 어떻게 하겠다는 거냐. 정의감만으로 밥을 먹고 살 수는 없어.",,,,,,22,,,,
ch0_origin.json,ch0_origin,22,세이카,"...내 두 눈으로 봤어. 그 사람이 남긴 필사적인 구조 요청을. 아무도 안 한다면, 나라도 해야 해.",,Characters/세이카/찡그림,,,,23,,,True,
ch0_origin.json,ch0_origin,23,아버지,"...1년이다. 1년 안에 성과를 보여라. 아무것도 없으면, 그때는 돌아와서 원래 길을 가거라. 이건 협상이 아니야.",,,,,,24,,,,
ch0_origin.json,ch0_origin,24,,"기한이 지나면 모든 지원은 끊긴다.
저택의 대출 이자와 수리비, 장비 유지비, 생활비...
가족 자금으로 버티고 있는 이 모든 것이 사라지고, 사무소는 문을 닫아야 한다.",,,,,,25,,,,
ch0_origin.json,ch0_origin,25,,"반대를 등지고, 세이카는 그날 밤 짐을 쌌다.",,,,,,26,,,,
ch0_origin.json,ch0_origin,26,,"로펌을 그만두고, 전 재산과 가족 자금을 투입해 저택을 매입. 수개월에 걸친 리모델링 끝에 현관에 새로운 간판이 걸렸다.",,,,,,27,,,,
ch0_origin.json,ch0_origin,27,,「네버모어 오컬트 탐정 사무소」,,,,,EFFECT:FLASH,28,,,,
ch0_origin.json,ch0_origin,28,,간판만큼이나 이질적인 것은 저택의 외관과 내부였다.,,,,,,29,,,,
ch0_origin.json,ch0_origin,29,,"현관에는 사시사철 불이 꺼지지 않는 거대한 잭오랜턴이 놓여 있었고, 복도와 응접실 곳곳에는 거미줄과 호박 모양의 장식들이 가득했다.",,,,,,30,,,,
ch0_origin.json,ch0_origin,30,,"1년 내내 할로윈 파티가 열리는 듯한 기괴하면서도 동화 같은, 비현실적인 풍경.",,,,,,31,,,,
ch0_origin.json,ch0_origin,31,세이카,"할로윈 장식? 반은 내 취향이지만, 나머지 반은 철저한 전략이야.",Characters/세이카/기본,,,,,32,,,,
ch0_origin.json,ch0_origin,32,세이카,'기괴한 일' 겪은 사람이 각 잡힌 경찰서 가면 미친 사람 취급밖에 더 받겠어? 오히려 이런 분위기가 털어놓기 편하지.,Characters/세이카/기본,,,,,33,,,,
ch0_origin.json,ch0_origin,33,세이카,하지만 애초에 이렇게 비현실적인 공간이라면... 비정상적인 이야기를 털어놓는 데 심리적인 문턱이 낮아지겠지.,Characters/세이카/미소,,,,,34,,,,
ch0_origin.json,ch0_origin,34,,"하지만 사무소를 열고 6개월이 지나도록, 의뢰인도 동료도 오지 않았다.
넓은 저택에서 혼자 와인을 마시며 실종자들의 흔적을 추적하는 나날이 이어졌다.",,,,,,35,,,,
ch0_origin.json,ch0_origin,35,세이카,"혼자서는 한계가 있어. 추리할 사람, 현장을 뛸 사람, 기술을 다룰 사람... 그래, 사람이 필요해.",,Characters/세이카/측은,,,,36,,,True,
ch0_origin.json,ch0_origin,36,,,,,,,START_DIALOGUE:ch0_gathering,-1,,,,
ch0_gathering.json,ch0_gathering,0,,부모님이 준 1년의 기한. 이미 6개월이 지났다. 남은 시간은 반 년.,,,,Images/bg_flashback,,1,,,,
ch0_gathering.json,ch0_gathering,1,,그런데 구시가지에서 또다시 실종 의심 징후가 포착되었다. 5년 주기의 패턴. 다음 실종이 일어날 시기가 바로 올해였다.,,,,,,2,,,,
ch0_gathering.json,ch0_gathering,2,세이카,"시작됐구나, 더 이상 지체할 시간이 없어.",,Characters/세이카/찡그림,,,,3,,,True,
ch0_gathering.json,ch0_gathering,3,,"실종 사건의 파장 속에서, 각자의 이유로 진실에 가까이 있던 사람들이 움직이기 시작했다.",,,,,,4,,,,
ch0_gathering.json,ch0_gathering,4,,"— 실종 징후 포착 직후, 카스미 합류.",,,,,,5,,,,
ch0_gathering.json,ch0_gathering,5,,"전(前) 경찰청 과학수사대 인턴.
어린 시절 사라진 언니를 찾기 위해 수사의 길을 택했지만, '설명할 수 없는 현장'을 무조건 덮는 관행에 지쳐 있었다.",,,,,,6,,,,
ch0_gathering.json,ch0_gathering,6,세이카,한 장의 사진을 보여줄게. 네 언니가 실종된 현장에서 발견된 건데... 경찰 보고서에는 없는 증거물이야.,Characters/세이카/기본,,,,,7,,,True,
ch0_gathering.json,ch0_gathering,7,카스미,...이걸 어디서 구하셨습니까.,Characters/세이카/기본,,Characters/카스미/기본,,,8,,,True,
ch0_gathering.json,ch0_gathering,8,카스미,"...좋습니다. 다만 한 가지, 유령 운운하는 소리는 하지 마십시오.",Characters/세이카/웃음,,Characters/카스미/기본,,,9,,,True,
ch0_gathering.json,ch0_gathering,9,,"— 2주 후, 리나 합류.",,,,,,10,,,,
ch0_gathering.json,ch0_gathering,10,,"첫 번째 의뢰 현장에서, 실종된 후배를 찾으러 혼자 뛰어든 여자와 마주쳤다.",,,,,,11,,,,
ch0_gathering.json,ch0_gathering,11,리나,"경찰이 안 움직이면 내가 직접 찾으면 되잖아! 뭐, 뭘 그렇게 쳐다봐?!",,Characters/리나/기본,,,,12,,True,True,True
ch0_gathering.json,ch0_gathering,12,카스미,"...저 무식한 인간, 놀랍게도 쓸모가 있습니다.",Characters/카스미/찡그림,Characters/리나/기본,Characters/세이카/웃음,,,13,,,True,
ch0_gathering.json,ch0_gathering,13,리나,"어차피 딱히 하는 것도 없었고, 여기 일 재밌잖아. 그리고 밥도 주고.",Characters/카스미/찡그림,Characters/리나/웃음,Characters/세이카/웃음,,,14,,,True,
ch0_gathering.json,ch0_gathering,14,,"— 1달 후, 리리스 합류.",Characters/리리스/기본,,Characters/세이카/기본,,,15,,,,
ch0_gathering.json,ch0_gathering,15,,"온라인에서 「유령 드론(GhostDrone)」이라는 이름으로 활동하던 프리랜서 해커.
자작 드론으로 구시가지를 촬영하다가, 30년간 비어있는 폐건물에서 있을 수 없는 열원을 포착했다.",Characters/리리스/기본,,Characters/세이카/기본,,,16,,,,
ch0_gathering.json,ch0_gathering,16,세이카,"그 드론 영상, 결정적인 증거였어. 훗, 우리랑 같이 일해볼 생각 없어?",Characters/리리스/기본,,Characters/세이카/기본,,,17,,,True,
ch0_gathering.json,ch0_gathering,17,리리스,"...작업실 필요. 3층 빈 방, 사용 가능?",Characters/리리스/기본,,Characters/세이카/기본,,,18,,,True,
ch0_gathering.json,ch0_gathering,18,,이후 3층 다락방을 자신의 작업실로 개조하여 입주. 정찰 드론 「잭오(Jack-O)」가 만들어진 것도 이 시기였다.,,,,,,19,,,,
ch0_gathering.json,ch0_gathering,19,,"— 2주 후, 미나 합류.",,,,,,20,,,,
ch0_gathering.json,ch0_gathering,20,,"가장 미스터리한 합류. 비가 추적추적 내리는 새벽, 저택 현관 앞에 쓰러져 있는 채로 발견되었다.
신원 불명. 이름이 '미나'라는 것 외에는 아무것도 기억나지 않는다고 한다.",,,,,,21,,,,
ch0_gathering.json,ch0_gathering,21,미나,"크큭... 미나라고 하느니라. 그렇다, 천 년을 묵은 원혼이 인간의 몸을 빌려 이곳에 강림한 것이니라...",,Characters/미나/기본,,,,22,,,True,
ch0_gathering.json,ch0_gathering,22,카스미,...기억상실 환자의 과대망상이네요. 병원 응급실로 인계해야 할 것 같습니다.,Characters/카스미/찡그림,Characters/미나/기본,,,,23,,,True,
ch0_gathering.json,ch0_gathering,23,,"하지만 미나에게는 설명할 수 없는 능력이 있었다. 한 번도 가보지 않은 폐건물의 구조를 알고, 사건의 결말을 예언하듯 중얼거리면, 그것이 맞았다.",,,,,,24,,,,
ch0_gathering.json,ch0_gathering,24,세이카,미나는... 이 저택이 부른 거야. 아마.,,Characters/세이카/기본,,,,25,,,True,
ch0_gathering.json,ch0_gathering,25,,"— 3주 후, 하루카 합류.",,,,,,26,,,,
ch0_gathering.json,ch0_gathering,26,,"구시가지의 작은 카페에서 아르바이트를 하던 19세 소녀. 학교에서 심한 따돌림을 당해 자퇴한 뒤, 아르바이트로 혼자 생계를 유지하고 있었다.",,,,,,27,,,,
ch0_gathering.json,ch0_gathering,27,리나,넌 사람을 잘 보는 눈이 있네. 우리 사무소에 올래? 밥도 나오고 방도 줄 수 있어.,,Characters/리나/기본,Characters/하루카/기본,,,28,,True,True,True
ch0_gathering.json,ch0_gathering,28,하루카,여기... 진짜 무섭긴 한데... 되게 따뜻해요.,,Characters/리나/기본,Characters/하루카/홍조,,,29,,,True,
ch0_gathering.json,ch0_gathering,29,,하루카가 오고 나서 저택에는 항상 호박으로 만든 무언가의 냄새가 풍기게 되었다.,,,,,,30,,,,
ch0_gathering.json,ch0_gathering,30,,"불과 3개월 남짓한 시간 동안, 다섯 명이 연달아 합류했다. 실종 사건이라는 파장이 각자의 삶에 금을 내면서, 갈 곳 없는 사람들이 같은 장소로 흘러들어온 것이다.",,,,,,31,,,,
ch0_gathering.json,ch0_gathering,31,세이카,"...그러고 보니, 전부 여자네. 아, 일부러 그런 건 아니야. 그냥 결과적으로 이렇게 된 거지.",,Characters/세이카/웃음,,,,32,,,True,
ch0_gathering.json,ch0_gathering,32,세이카,시스템 밖으로 밀려난 사람들. 기존 질서에서 제 자리를 찾지 못한 사람들. 그런 사람들이 이 으스스한 저택에 모인 거라 볼 수 있다고.,,Characters/세이카/기본,,,,33,,,True,
ch0_gathering.json,ch0_gathering,33,세이카,"어쩌면 모두들 이 저택이 부른 건지도 몰라. '잊혀진 이들'을 찾으려면, 세상에서 한 번쯤 잊혀본 사람이어야 하니까.",,Characters/세이카/기본,,,,34,,,True,
ch0_gathering.json,ch0_gathering,34,,부모님이 준 1년의 기한. 그 마감 직전에 기적처럼 팀이 갖춰졌다. 경찰이 닫아버린 파일을 다시 여는 사람들. 세상이 외면한 것들을 마주하는 사람들.,,,,,,35,,,,
ch0_gathering.json,ch0_gathering,35,,그리고 지금—,,,,,,36,,,,
ch0_gathering.json,ch0_gathering,36,,,,,,,START_DIALOGUE:ch0_opening,-1,,,,
ch0_opening.json,ch0_opening,0,,2026년. 노을시(市).,,,,Images/city_night,,1,,,,
ch0_opening.json,ch0_opening,1,,"인구 80만의 항구도시. 낮에는 평범한 사람들이 평범한 하루를 보내고, 밤에는 바다에서 밀려온 안개가 구시가지의 좁은 골목을 채운다.",,,,,,2,,,,
ch0_opening.json,ch0_opening,2,,"이 도시에는 가끔, 설명하기 어려운 일들이 일어난다.",,,,,,3,,,,
ch0_opening.json,ch0_opening,3,,아무도 살지 않는 폐교에서 밤마다 울리는 피아노 소리.,,,,,,4,,,,
ch0_opening.json,ch0_opening,4,,특정 골목을 지나면 반드시 길을 잃는 사람들.,,,,,,5,,,,
ch0_opening.json,ch0_opening,5,,철거된 건물의 창문에서 보이는 사람 그림자.,,,,,,6,,,,
ch0_opening.json,ch0_opening,6,,"경찰은 그것을 '소음 민원', '방향감각 상실', '빛의 착시'라고 처리한다. 대부분의 시민들도 도시전설 정도로 여기고 넘긴다.",,,,,,7,,,,
ch0_opening.json,ch0_opening,7,,하지만 여기 — 경찰이 닫아버린 파일을 다시 여는 사람들이 있다.,,,,,,8,,,,
ch0_opening.json,ch0_opening,8,,구시가지의 가파른 언덕 꼭대기. 안개 너머로 오래된 저택의 실루엣이 떠오른다.,,,,Images/lobby_bg,,9,,,,
ch0_opening.json,ch0_opening,9,,현관 계단을 따라 늘어선 잭오랜턴들. 처마에 걸린 거미줄 장식. 벽을 타고 오른 덩굴 사이로 깜빡이는 주황빛.,,,,,,10,,,,
ch0_opening.json,ch0_opening,10,,낡은 간판에는 이렇게 적혀 있다:,,,,,,11,,,,
ch0_opening.json,ch0_opening,11,,「네버모어 오컬트 탐정 사무소」,,,,,EFFECT:FLASH,12,,,,
ch0_opening.json,ch0_opening,12,,'미제 사건 특화. 초자연 현상 환영.',,,,,,13,,,,
ch0_opening.json,ch0_opening,13,,"물론, 이 도시의 대부분의 사람들은 이곳을 그저 '유령의 집에서 장사하는 이상한 애들'이라고 부르지만.",,,,,,14,,,,
ch0_opening.json,ch0_opening,14,,"...오늘도 여느 때처럼, 저택의 문이 삐걱거리며 열린다.",,,,,,15,,,,
ch0_opening.json,ch0_opening,15,,,,,,,START_DIALOGUE:ch1_morning,-1,,,,
ch1_morning.json,ch1_morning,0, ,— 다음 날 아침.,,,,Images/mansion_interior_morning,,1,,,,
ch1_morning.json,ch1_morning,1, ,"호박 램프의 불빛이 은은하게 켜진 사무소 안. 벽난로에서 장작이 타닥거리고, 거미줄 장식 사이로 아침 햇살이 비친다.",,,,,,2,,,,
ch1_morning.json,ch1_morning,2, ,"한여름의 아침이지만, 이 저택 안에서는 언제나 할로윈이다.",,,,,,3,,,,
ch1_morning.json,ch1_morning,3,카스미,.......,,Characters/카스미/기본,,,,4,,,,
ch1_morning.json,ch1_morning,4,카스미,(서류를 넘기며) 전날의 의뢰 보고서를 정리합시다. '구시가지 3번 골목에서 들리는 신음 소리' 건은 결국 배관 노후화로 결론.,,Characters/카스미/기본,,,,5,,,,
ch1_morning.json,ch1_morning,5,카스미,역시 유령 따위는 없었어요. 애초에 존재할 리가 없지만요.,,Characters/카스미/찡그림,,,,6,,,,
ch1_morning.json,ch1_morning,6,하루카,와아~ 카스미 언니! 좋은 아침이에요오! 방금 갓 만든 호박 라떼 대령이요~!,Characters/카스미/기본,,Characters/하루카/웃음,,,7,,,,
ch1_morning.json,ch1_morning,7,카스미,...또 호박입니까.,Characters/카스미/찡그림,,Characters/하루카/웃음,,,8,,,,
ch1_morning.json,ch1_morning,8,하루카,시나몬도 넣었어요! 가을 느낌 나게요!,Characters/카스미/찡그림,,Characters/하루카/미소,,,9,,,,
ch1_morning.json,ch1_morning,9,카스미,"지금 8월입니다, 하루카.",Characters/카스미/시선회피,,Characters/하루카/미소,,,10,,,,
ch1_morning.json,ch1_morning,10,하루카,이 사무소에선 항상 가을이잖아요! 세이카 언니도 그렇게 말했어요~,Characters/카스미/시선회피,,Characters/하루카/웃음,,,11,,,,
ch1_morning.json,ch1_morning,11,카스미,...감사합니다. (한 모금 마시며) ......의외로 맛있군요.,Characters/카스미/홍조,,Characters/하루카/웃음,,,12,,,,
ch1_morning.json,ch1_morning,12, ,쾅! — 현관문이 거칠게 열리는 소리.,Characters/카스미/당황2,,Characters/하루카/놀람,,EFFECT:SHAKE,13,,,,
ch1_morning.json,ch1_morning,13,리나,"와씨, 더워 죽을 뻔! 다녀왔어! 야, 에어컨 어케 된 거야, 쪄 죽으라고?!",,Characters/리나/웃음,,,,14,,True,,
ch1_morning.json,ch1_morning,14,카스미,문을 좀 조용히 여닫으십시오. 경첩 또 빠집니다.,Characters/카스미/찡그림,Characters/리나/웃음,,,,15,,,,
ch1_morning.json,ch1_morning,15,리나,"새벽부터 구시가지 순찰 돌고 온 사람한테 그게 첫마디야? 뭐, 별일은 없었는데.",Characters/카스미/찡그림,Characters/리나/기본,,,,16,,,,
ch1_morning.json,ch1_morning,16,하루카,리나 언니! 호박 빙수 먹을래요? 방금 만들어뒀어요!,Characters/카스미/찡그림,Characters/리나/기본,Characters/하루카/웃음,,,17,,True,,True
ch1_morning.json,ch1_morning,17,리나,"와씨 대박!! 무조건 먹어!! ...근데 잠깐, 설마 또 호박이야?",Characters/카스미/찡그림,Characters/리나/웃음,Characters/하루카/삐짐,,,18,,,,
ch1_morning.json,ch1_morning,18,리리스,...시끄러움.,Characters/리리스/찡그림,Characters/리나/웃음,Characters/하루카/삐짐,,,19,,,,
ch1_morning.json,ch1_morning,19, ,"3층 계단에서 리리스가 내려온다. 한 손에는 반쯤 분해된 드론, 다른 손에는 납땜 인두를 들고 있다.",Characters/리리스/찡그림,Characters/리나/웃음,Characters/하루카/삐짐,,,20,,,,
ch1_morning.json,ch1_morning,20,리리스,잭오 야간 비행 로그 디코딩 중. 기체 진동으로 납땜 오차. ...짜증.,Characters/리리스/찡그림,Characters/리나/웃음,Characters/하루카/삐짐,,,21,,,,
ch1_morning.json,ch1_morning,21,리나,아 미안미안. 그니까 넌 맨날 그 드론만 만지작거리냐? 밖에 좀 나가라니까.,Characters/리리스/찡그림,Characters/리나/웃음,,,,22,,,,
ch1_morning.json,ch1_morning,22,리리스,잭오가 내 발. 직접 갈 필요 없음.,Characters/리리스/기본,Characters/리나/웃음,,,,23,,,,
ch1_morning.json,ch1_morning,23,리나,비타민D 결핍으로 쓰러져도 내가 안 업어다 줄 거야.,Characters/리리스/기본,Characters/리나/찡그림,,,,24,,,,
ch1_morning.json,ch1_morning,24,리리스,노상관.,Characters/리리스/눈 감음,Characters/리나/찡그림,,,,25,,,,
ch1_morning.json,ch1_morning,25,미나,"크흐흐... 아침부터 시끄럽구나, 인간들이여...",Characters/리나/찡그림,Characters/미나/기본,Characters/리리스/기본,,,26,,True,,
ch1_morning.json,ch1_morning,26, ,"어디선가 미나가 나타났다. 아무도 들어오는 걸 보지 못했는데, 어느새 소파 구석에 앉아 있다.",Characters/리나/찡그림,Characters/미나/기본,Characters/리리스/기본,,,27,,,,
ch1_morning.json,ch1_morning,27,리나,"읏?! 야, 언제 온 거야! 놀랬잖아!!",Characters/리나/찡그림,Characters/미나/기본,Characters/리리스/기본,,,28,,,,
ch1_morning.json,ch1_morning,28,미나,"후후... 천 년을 묵은 이 몸은 바람처럼 나타나고, 안개처럼 사라지느니라...",Characters/리나/찡그림,Characters/미나/미소,Characters/리리스/기본,,,29,,,,
ch1_morning.json,ch1_morning,29,카스미,뒷문으로 들어온 겁니다. CCTV에 찍혀 있었어요.,Characters/카스미/기본,,Characters/미나/당황,,,30,,,,
ch1_morning.json,ch1_morning,30,미나,"(소곤) 카, 카스미... 그, 그냥 분위기 좀 맞춰 주면 안 돼...?",Characters/카스미/기본,,Characters/미나/삐짐,,,31,,,,
ch1_morning.json,ch1_morning,31, ,또각또각 — 우아한 발소리가 복도에서 들려온다.,,,,,,32,,,,
ch1_morning.json,ch1_morning,32,세이카,"좋은 아침, 여러분. 오늘도 사이좋게 떠들고 있네.",,Characters/세이카/웃음,,,,33,,,,
ch1_morning.json,ch1_morning,33, ,"「네버모어 오컬트 탐정 사무소」의 소장, 세이카가 느긋하게 차 한 잔을 들고 등장한다.",,Characters/세이카/웃음,,,,34,,,,
ch1_morning.json,ch1_morning,34,세이카,"리나, 순찰 수고했어. 리리스, 잭오 상태는?",,Characters/세이카/기본,,,,35,,,,
ch1_morning.json,ch1_morning,35,리리스,야간 정찰 모드 정상 작동. 특이사항... 하나 있음.,Characters/세이카/기본,,Characters/리리스/기본,,,36,,,,
ch1_morning.json,ch1_morning,36,세이카,흥미롭네. 뭔데?,Characters/세이카/기본,,Characters/리리스/기본,,,37,,,,
ch1_morning.json,ch1_morning,37,리리스,"구시가지 동쪽 폐쇄 음악실. 어젯밤 03시 17분, 내부 음파 반응 감지. 주파수 대역, 피아노 건반과 100% 일치.",Characters/세이카/기본,,Characters/리리스/기본,,,38,,,,
ch1_morning.json,ch1_morning,38,카스미,...폐쇄된 음악실에서 피아노 소리?,Characters/세이카/기본,Characters/카스미/기본,Characters/리리스/기본,,,39,,,,
ch1_morning.json,ch1_morning,39,미나,크큭... 미련이 남은 자의 잔향이로다. 음악에 집착하던 영혼이 아직도 그곳에 묶여?,Characters/카스미/찡그림,,Characters/미나/음침,,,40,,,,
ch1_morning.json,ch1_morning,40,카스미,"미나. 좀 더 과학적으로 접근하죠. 건물 진동에 의한 단순 공명 현상이거나, 노숙자의 무단 침입일 확률이 높아요.",Characters/카스미/찡그림,,Characters/미나/삐짐,,,41,,,,
ch1_morning.json,ch1_morning,41,하루카,"저, 저기... 사실 그 음악실 건이요, 오늘 아침에 의뢰가 들어왔어요.",Characters/카스미/찡그림,Characters/하루카/기본,Characters/미나/삐짐,,,42,,,,
ch1_morning.json,ch1_morning,42,세이카,"역시. 하루카, 내용 읽어줄래?",Characters/세이카/기본,,Characters/하루카/기본,,,43,,,,
ch1_morning.json,ch1_morning,43,하루카,"(종이를 펼치며) '매일 밤 3시경, 폐쇄된 음악실에서 피아노 소리가 들립니다. 경찰에 신고했지만, 건물 내부에 아무도 없었다고 합니다.'",Characters/세이카/기본,,Characters/하루카/기본,,,44,,,,
ch1_morning.json,ch1_morning,44,하루카,저는 그 건물 옆에 사는 주민입니다. 일주일째 잠을 이루지 못하고 있습니다. 제발 도와주세요.',Characters/세이카/기본,,Characters/하루카/측은,,,45,,,,
ch1_morning.json,ch1_morning,45, ,하루카가 종이를 접으며 잠시 멈칫했다.,,,,,,46,,,,
ch1_morning.json,ch1_morning,46,하루카,...피아노 소리가 들리는데 아무도 없다니... 왠지 마음이 아프네요.,Characters/세이카/기본,,Characters/하루카/측은,,,47,,,,
ch1_morning.json,ch1_morning,47,리나,마음이 아프다고? 무섭다가 아니고?,Characters/리나/기본,,Characters/하루카/측은,,,48,,,,
ch1_morning.json,ch1_morning,48,하루카,"...아무도 없는 곳에서, 매일 밤 혼자서... 외롭지 않았을까요.",Characters/리나/기본,,Characters/하루카/측은,,,49,,,,
ch1_morning.json,ch1_morning,49, ,"하루카가 말끝을 흐렸다. 평소의 밝은 표정이 잠깐 어두워졌다가, 이내 다시 미소를 지었다.",,,,,,50,,,,
ch1_morning.json,ch1_morning,50,하루카,"아, 아무것도 아니에요! 그냥 좀 생각이 나서요!",Characters/리나/기본,,Characters/하루카/당황,,,51,,,,
ch1_morning.json,ch1_morning,51,리나,밤마다 3시에 피아노? 무단 침입이면 그냥 현장에서 잡으면 되는 거 아냐?,Characters/리나/기본,Characters/세이카/기본,Characters/하루카/측은,,,52,,,,
ch1_morning.json,ch1_morning,52,카스미,경찰이 수색했을 때 내부에 아무도 없었다는 게 문제입니다. 출입구도 전부 잠겨 있었고요.,Characters/카스미/기본,,Characters/리나/기본,,,53,,,,
ch1_morning.json,ch1_morning,53,미나,"크큭... 그 음악실, 예전에 한 피아니스트가 콩쿠르 직전에 어둠 속으로 사라진 곳이니라...",Characters/카스미/기본,Characters/미나/기본,Characters/리나/기본,,,54,,,,
ch1_morning.json,ch1_morning,54,카스미,...사라졌다? 실종 사건입니까?,Characters/카스미/기본,,Characters/미나/기본,,,55,,,,
ch1_morning.json,ch1_morning,55,미나,"아니, 더 기괴하지. 실종 신고 기록도, 그 자가 존재했다는 흔적조차... 전부 지워진 것이니라.",Characters/카스미/기본,,Characters/미나/기본,,,56,,,,
ch1_morning.json,ch1_morning,56, ,"잠깐, 사무소 안의 공기가 달라졌다. 세이카의 눈빛이 날카로워진다.",,,,,,57,,,,
ch1_morning.json,ch1_morning,57,세이카,...기록이 없다?,,Characters/세이카/음침,,,,58,,,,
ch1_morning.json,ch1_morning,58, ,세이카가 찻잔을 내려놓는다. 평소의 여유로운 미소가 사라졌다.,,Characters/세이카/음침,,,,59,,,,
ch1_morning.json,ch1_morning,59,세이카,"이 의뢰, 받는다.",,Characters/세이카/기본,,,,60,,,,
ch1_morning.json,ch1_morning,60,리나,오? 소장님이 직접 결정하시네. 보수 확인도 안 하고?,Characters/리나/놀람,,Characters/세이카/기본,,,61,,,,
ch1_morning.json,ch1_morning,61,세이카,...이건 보수 따위가 중요한 문제가 아니야.,Characters/리나/놀람,,Characters/세이카/기본,,,62,,,,
ch1_morning.json,ch1_morning,62,카스미,"(세이카의 표정을 보며) ...알겠습니다. 오늘 밤, 현장 조사를 실시하겠습니다.",Characters/리나/놀람,Characters/카스미/기본,Characters/세이카/기본,,,63,,,,
ch1_morning.json,ch1_morning,63,카스미,"리나, 현장 선행 정찰. 리리스, 잭오를 음악실 주변에 배치해 주십시오. 미나, 그 피아니스트에 대해 아는 것을 전부 정리해 주세요.",Characters/리나/놀람,Characters/카스미/기본,Characters/세이카/기본,,,64,,,,
ch1_morning.json,ch1_morning,64,리나,오케이~ 드디어 몸 좀 쓰겠다!,Characters/리나/웃음,Characters/카스미/기본,Characters/세이카/기본,,,65,,,,
ch1_morning.json,ch1_morning,65,리리스,"잭오, 야간 정찰 모드 대기. 일몰 후 자동 배치.",Characters/리나/웃음,Characters/카스미/기본,Characters/리리스/기본,,,66,,,,
ch1_morning.json,ch1_morning,66,미나,후후... 잊혀진 자의 노래... 흥미로운 의뢰로구나...,Characters/리나/웃음,Characters/미나/미소,Characters/리리스/기본,,,67,,,,
ch1_morning.json,ch1_morning,67,하루카,"저, 저도 뭔가 도울 수 있을까요...?",Characters/하루카/기본,Characters/미나/미소,Characters/리리스/기본,,,68,,,,
ch1_morning.json,ch1_morning,68,카스미,"하루카는 의뢰인에게 연락해서 상세 내용을 확인해 주세요. 언제부터 시작됐는지, 소리의 정확한 위치 등.",Characters/카스미/미소,,Characters/하루카/기본,,,69,,,,
ch1_morning.json,ch1_morning,69,하루카,네! 맡겨주세요!,Characters/카스미/미소,,Characters/하루카/웃음,,,70,,,,
ch1_morning.json,ch1_morning,70,세이카,"훗, 좋아. 그럼 오늘 밤, 전원 출동이야.",Characters/카스미/미소,Characters/세이카/기본,Characters/하루카/웃음,,,71,,,,
ch1_morning.json,ch1_morning,71,세이카,네버모어의 이름에 걸고 — 이 소리의 정체를 밝혀내자.,Characters/카스미/미소,Characters/세이카/웃음,Characters/하루카/웃음,,,72,,,,
ch1_morning.json,ch1_morning,72, ,"이렇게, 「네버모어 오컬트 탐정 사무소」의 새로운 의뢰가 시작되었다.",,,,,,73,,,,
ch1_morning.json,ch1_morning,73, ,— 사건 파일1: 잊혀진 피아니스트 —,,,,,,74,,,,
ch1_morning.json,ch1_morning,74,,,,,,,START_DIALOGUE:ch1_night,-1,,,,
ch1_night.json,ch1_night,0, ,노을시에 밤이 찾아왔다. 항구에서 밀려온 안개가 도시를 덮었다.,,,,Images/city_night,,1,,False,False,
ch1_night.json,ch1_night,1,세이카,"자, 다들 준비됐지? 오늘의 작전은 '유령 피아니스트'의 정체를 밝혀내는 거야.",,Characters/세이카/기본,,,,2,,True,False,
ch1_night.json,ch1_night,2,리리스,잭오 스캔 중. 주변에 특이 사항 없음. 드론 시야 양호.,Characters/리리스/기본,,Characters/세이카/기본,,,3,,False,False,
ch1_night.json,ch1_night,3,리나,와씨! 드디어 실전이네! 다 부수고 날려버리자고!,Characters/리나/웃음,,Characters/카스미/기본,,,4,,True,False,
ch1_night.json,ch1_night,4,카스미,"진정하세요, 리나. 우린 기물을 파손하러 가는 게 아니라 진상을 규명하러 가는 겁니다.",Characters/리나/찡그림,,Characters/카스미/측은,,,5,,False,False,
ch1_night.json,ch1_night,5,미나,"크큭... 밤의 장막이 드리우고 심연의 문이 열렸도다... 이 공기, 피의 냄새가...",,Characters/미나/음침,,,,6,,True,False,
ch1_night.json,ch1_night,6,하루카,"저기, 다들 추우실까봐 단호박 수프를 조금 끓여왔어요~ 보온병에 담았으니까 나중에 드세요~",Characters/하루카/미소,,Characters/카스미/기본,,,7,,True,False,
ch1_night.json,ch1_night,7,카스미,하아... 소풍 나온 게 아니라고 몇 번이나 말씀드렸잖습니까.,Characters/하루카/미소,,Characters/카스미/측은,,,8,,False,False,
ch1_night.json,ch1_night,8, ,"일행은 노을시 외곽의 버려진 건물에 도착했다. 오래된 덩굴이 외벽을 감싸고 있고, 깨진 창문 틈으로 차가운 바람이 새어나왔다.",,,,Images/mansion_interior,,9,,False,True,
ch1_night.json,ch1_night,9,리리스,잭오 열화상 스캔 완료. 내부 생체 반응 0%. 하지만... 음향 센서에 미세 노이즈 감지.,,Characters/리리스/눈 감음,,,,10,,False,False,
ch1_night.json,ch1_night,10,리나,"...뭐야, 이 기분 나쁜 공기는. 빨리 끝내고 가자. 문 부수러...",Characters/리나/웃음,,Characters/카스미/기본,,,11,,True,False,
ch1_night.json,ch1_night,11,카스미,안 됩니다. 현장을 보존해야 해요. 조용히 들어갈 방법을 찾아보죠.,Characters/리나/당황,,Characters/카스미/기본,,,12,,False,False,
ch1_night.json,ch1_night,12,리리스,측면 비상구 개방 상태. 이쪽으로 진입.,,Characters/리리스/기본,,,,13,,False,False,
ch1_night.json,ch1_night,13, ,"안으로 들어서자 짙은 먼지 냄새가 코를 찔렀다. 낡은 연습실들이 늘어서 있고, 바닥에는 악보들이 어지럽게 흩어져 있었다.",,,,,,10013,,False,False,
ch1_night.json,ch1_night,10013, ,"칠흑 같은 어둠 속, 평소 앞장서던 리나가 흠칫하며 무의식적으로 카스미의 옷소매를 꽉 쥐었다.",Characters/리나/당황,,Characters/카스미/기본,,,10014,,,,
ch1_night.json,ch1_night,10014,카스미,...리나? 지금 제 옷은 왜 잡고 계십니까?,Characters/리나/당황,,Characters/카스미/기본,,,10015,,,,
ch1_night.json,ch1_night,10015,리나,"어, 엉? 아, 아니야! 그냥 네 옷에 먼지가 묻어서... 털어주려고 한 거거든?!",Characters/리나/당황,,Characters/카스미/기본,,,10016,,,,
ch1_night.json,ch1_night,10016,카스미,하아... 꽉 쥐어서 구김이 다 갔습니다만. 어둠이 무서우면 그냥 제 뒤로 오시죠.,Characters/리나/찡그림,,Characters/카스미/시선회피,,,10017,,,,
ch1_night.json,ch1_night,10017,리나,"안 무섭거든?! ...진, 진짜 안 무서워!",Characters/리나/찡그림,,Characters/카스미/시선회피,,,10018,,,,
ch1_night.json,ch1_night,10018, ,"리나가 부산스럽게 카스미에게서 손을 떼며 앞으로 나아갔다. 그때, 바닥의 무언가가 눈에 들어왔다.",,,,,,14,,,,
ch1_night.json,ch1_night,14,리나,어? 바닥에 발자국이 있어. 먼지 위에 선명하게... 어디로 이어지는 거지?,Characters/리나/기본,,Characters/카스미/기본,,,10019,,True,False,
ch1_night.json,ch1_night,10019,카스미,"잠깐... 이 발자국, 주변 먼지층의 퇴적 상태로 봐서 최근에 생긴 겁니다. 경찰이 수색했을 때는 없었을 거예요. 현상은 지금도 반복되고 있다는 뜻입니다.",Characters/리나/놀람,,Characters/카스미/찡그림,,,15,,,,
ch1_night.json,ch1_night,15,미나,......,,Characters/미나/기본,,,,16,,False,False,
ch1_night.json,ch1_night,16,미나,"(소곤) ...얘들아, 여기 좀 이상해. 나 지금 연기하는 거 아니야, 진짜 무서운데...",,Characters/미나/공포,,,,17,,False,False,
ch1_night.json,ch1_night,17, ,일행은 마침내 메인 공연장에 다다랐다. 중앙에는 먼지 쌓인 천으로 덮인 그랜드 피아노가 덩그러니 놓여 있었다.,,,,,,18,,False,False,
ch1_night.json,ch1_night,18,카스미,제가 확인해보겠습니다.,,Characters/카스미/기본,,,,19,,False,False,
ch1_night.json,ch1_night,19, ,"카스미가 조심스럽게 천을 걷어내자, 그 아래에는 믿을 수 없을 정도로 깨끗한 피아노가 모습을 드러냈다.",,,,,,10020,,False,False,
ch1_night.json,ch1_night,10020,카스미,"이상합니다. 건물은 10년 넘게 방치된 상태인데, 이 피아노만 먼지 하나 없이... 마치 누군가가 계속 관리하고 있었던 것처럼.",Characters/카스미/당황2,,,,,10021,,,,
ch1_night.json,ch1_night,10021,미나,"...그 자의 미련이니라. 잊혀져도, 연주만은 멈출 수 없었던 것...",Characters/카스미/당황2,,Characters/미나/음침,,,20,,,,
ch1_night.json,ch1_night,20, ,건물 전체가 미세하게 떨리기 시작했다.,,,,,EFFECT:SHAKE,21,,False,False,
ch1_night.json,ch1_night,21, ,그리고 피아노 건반이 스스로 움직이기 시작했다. 처연하고 아름다운 선율이 공연장을 가득 채웠다.,,,,,EFFECT:FLASH,22,,False,False,
ch1_night.json,ch1_night,22, ,다들 공포에 얼어붙은 가운데 — 하루카만이 다른 표정을 하고 있었다.,,,,,,23,,,,
ch1_night.json,ch1_night,23,하루카,"...이 곡... 흑, 너무 외롭고 슬픈 소리예요...",,Characters/하루카/측은,,,,24,,,,
ch1_night.json,ch1_night,24,하루카,으... 갑자기 엄청 추워졌어요...! 방금까지는 안 이랬는데...!,,Characters/하루카/공포,,,,25,,True,False,
ch1_night.json,ch1_night,25,리리스,"...잭오 열화상 센서, 이상 반응. 피아노 주변 온도 급격히 하강 중.",,Characters/리리스/놀람,,,,33,,True,False,
ch1_night.json,ch1_night,33,리리스,"건반 위, 사람 체온 아님. 영하 15도의 무언가가... 압력 가하는 중.",,Characters/리리스/공포,,,,26,,,,
ch1_night.json,ch1_night,26,리나,"히익...?! 카, 카스미 언니... 이거 뭐야?!",Characters/리나/공포,,Characters/카스미/당황2,,,27,,True,False,
ch1_night.json,ch1_night,27,리리스,잭오 센서 이상 무... 이건... 실제로 건반이 눌리고 있음.,Characters/리리스/놀람,,Characters/카스미/당황2,,,28,,True,False,
ch1_night.json,ch1_night,28,카스미,"...물리적으로 건반이 눌리고 있다면, 보이지 않는 누군가가 여기에 있다는 뜻입니다.",Characters/리리스/놀람,,Characters/카스미/당황2,,,29,,False,False,
ch1_night.json,ch1_night,29,세이카,...찾았어. 이 사람이야. 잊혀진 피아니스트.,,Characters/세이카/음침,,,,30,,True,False,
ch1_night.json,ch1_night,30, ,"선율이 멈췄다. 다시 무거운 침묵이 내려앉고, 먼지만이 공기 중을 부유했다.",,,,,,31,,False,False,
ch1_night.json,ch1_night,31,세이카,조사를 시작해. 이 안에 단서가 있을 거야.,,Characters/세이카/기본,,,,32,,False,False,
ch1_night.json,ch1_night,32,,,,,,,START_DIALOGUE:ch1_investigation_talk,-1,,False,False,
ch1_investigation_talk.json,ch1_investigation_talk,0,리나,"수색은 이쯤 하면 된 것 같은데! 카스미, 단서들 좀 정리해줄래?",Characters/리나/기본,,Characters/카스미/기본,Images/mansion_interior,,1,,True,False,
ch1_investigation_talk.json,ch1_investigation_talk,1,카스미,...네. 수집된 단서를 바탕으로 현재 상황을 종합해보겠습니다.,Characters/리나/기본,,Characters/카스미/기본,,,2,,False,False,
ch1_investigation_talk.json,ch1_investigation_talk,2,카스미,"첫 번째, '먼지 없는 건반'. 건반에는 물리적인 압력이 가해진 흔적이 있지만, 기계 장치 같은 건 전혀 발견되지 않았습니다.",,,Characters/카스미/기본,,,3,,False,False,
ch1_investigation_talk.json,ch1_investigation_talk,3,카스미,"즉, 눈에 보이지 않는 무언가가 피아노를 쳤다는 결론밖에 나오지 않습니다.",,,Characters/카스미/찡그림,,,4,,False,False,
ch1_investigation_talk.json,ch1_investigation_talk,4,리나,"야, 그리고 바닥에 발자국도 있었잖아! 피아노 쪽으로 가다가 도중에 뚝 끊기는 거 진짜 소름이었어.",Characters/리나/기본,,Characters/카스미/찡그림,,,5,,True,False,
ch1_investigation_talk.json,ch1_investigation_talk,5,카스미,물리적으로 말이 안 됩니다. 발자국이 허공에서 갑자기 끊어지다니요. 누군가 증거를 훼손한 게 아니라면...,Characters/리나/기본,,Characters/카스미/찡그림,,,6,,False,False,
ch1_investigation_talk.json,ch1_investigation_talk,6,리리스,음파 분석 데이터 산출. 피아노 주파수에 물리 법칙을 무시하는 비정상 노이즈 대역 혼입.,Characters/카스미/찡그림,,Characters/리리스/기본,,,7,,True,False,
ch1_investigation_talk.json,ch1_investigation_talk,7,리리스,추가 데이터. 연주 시작 시 피아노 주변 온도 영하권 급강하. 종료 직후 원상 복구.,Characters/카스미/찡그림,,Characters/리리스/기본,,,8,,False,False,
ch1_investigation_talk.json,ch1_investigation_talk,8,카스미,"국소적 온도 하강이라... 말도 안 돼. 아무리 그래도... 아니, 잭오의 교차 검증 데이터를 부정할 수는 없군요.",Characters/카스미/찡그림,,Characters/리리스/기본,,,9,,False,False,
ch1_investigation_talk.json,ch1_investigation_talk,9,하루카,"저, 저기... 악보대에 있던 '빛바랜 콩쿠르 프로그램'은요...? 한 사람의 이름만 지워져 있었어요...",Characters/카스미/기본,,Characters/하루카/공포,,,10,,True,False,
ch1_investigation_talk.json,ch1_investigation_talk,10,카스미,그렇습니다. 잉크가 번진 흔적을 보면 단순한 시간의 흐름에 의한 훼손이 아닙니다. 누군가 고의로. .. 혹은 알 수 없는 현상에 의해 그 사람의 존재 자체가 지워진 것처럼 보입니다.,Characters/카스미/찡그림,,Characters/하루카/공포,,,11,,False,False,
ch1_investigation_talk.json,ch1_investigation_talk,11,카스미,"부서진 메트로놈과 낡은 음악 잡지도 수거했습니다. 모든 증거의 연관성은 아직 단정 지을 수 없으니, 추리 단계에서 신중하게 판단해야 할 것입니다.",Characters/카스미/기본,,,,,12,,False,False,
ch1_investigation_talk.json,ch1_investigation_talk,12,미나,이건... 내가 알고 있는 것과 일치하는구나.,Characters/미나/음침,,Characters/카스미/찡그림,,,13,,True,False,
ch1_investigation_talk.json,ch1_investigation_talk,13,카스미,네? 방금 그 말은...,Characters/미나/음침,,Characters/카스미/찡그림,,,14,,False,False,
ch1_investigation_talk.json,ch1_investigation_talk,14,미나,'잊혀지는 현상'... 인간의 존재 자체가 이 세상에서 지워지는 것이니라. 기록에서도... 그리고 어리석은 자들의 기억 속에서도...,Characters/미나/기본,,Characters/카스미/찡그림,,,15,,False,False,
ch1_investigation_talk.json,ch1_investigation_talk,15,카스미,존재 자체가 지워진다고요? 증명 불가능한 비약적 가설이네요. 좀 더 합리적인 추론이 필요해요.,Characters/미나/기본,,Characters/카스미/찡그림,,,16,,False,False,
ch1_investigation_talk.json,ch1_investigation_talk,16,세이카,"아니, 카스미. 미나의 말이 맞을지도 몰라.",Characters/세이카/기본,,Characters/카스미/찡그림,,,17,,True,False,
ch1_investigation_talk.json,ch1_investigation_talk,17,세이카,"내가 예전에 조사했던 자료 중에, 5년 주기로 발생하는 기묘한 실종 사건 패턴이 있었거든.",Characters/세이카/기본,,Characters/카스미/기본,,,18,,False,False,
ch1_investigation_talk.json,ch1_investigation_talk,18,세이카,"그냥 실종이 아니야. 경찰 기록이 증발하고, 결국 가족들 기억 속에서도 흔적 없이 지워져 버렸어.",Characters/세이카/음침,,Characters/카스미/기본,,,19,,False,False,
ch1_investigation_talk.json,ch1_investigation_talk,19,세이카,이제 퍼즐 조각을 맞춰보자. 다섯 가지 단서가 무엇을 의미하는지.,Characters/세이카/웃음,,Characters/카스미/기본,,,20,,False,False,
ch1_investigation_talk.json,ch1_investigation_talk,20,,,,,,,START_DIALOGUE:ch1_result_perfect,-1,,False,False,
ch1_result_perfect.json,ch1_result_perfect,0, ,완벽한 추론이다. 다섯 개의 증거가 하나의 결론을 향해 모여들고 있었다.,,,,Images/mansion_interior,,1,,False,False,
ch1_result_perfect.json,ch1_result_perfect,1,세이카,먼지 하나 없는 건반. 존재가 지워져가면서도 오직 집념 하나로 건반을 누르고 있었다는 증거지. 눈에 보이지 않는 존재가 말이야.,,Characters/세이카/기본,,,,2,,True,False,
ch1_result_perfect.json,ch1_result_perfect,2,세이카,그리고 이 빛바랜 콩쿠르 프로그램... 피아니스트가 이 음악실에 존재했다는 유일한 흔적이야.,,Characters/세이카/측은,,,,3,,False,False,
ch1_result_perfect.json,ch1_result_perfect,3,세이카,결정적으로 비정상적인 음파 분석 데이터. 이건 자연적인 소리가 아니야. 존재가 잊혀지며 남긴 마지막 메아리지.,,Characters/세이카/찡그림,,,,4,,False,False,
ch1_result_perfect.json,ch1_result_perfect,4,세이카,바닥의 발자국은 피아노를 향해 걸어갔지만 도중에 사라졌어. 걸어가던 존재가 소멸한 거야. 물리적으로 이 공간에 있었다가 사라졌다는 움직일 수 없는 증거지.,,Characters/세이카/기본,,,,5,,False,False,
ch1_result_perfect.json,ch1_result_perfect,5,세이카,그리고 연주 중 피아노 주변의 온도만 급격히 떨어졌다가 연주가 끝나자 회복됐어. '현상'은 물리 법칙까지 왜곡하고 있어.,,Characters/세이카/찡그림,,,,6,,False,False,
ch1_result_perfect.json,ch1_result_perfect,6,세이카,이 피아니스트는 죽은 게 아니야. '잊혀진' 거야. 세상에서 그 사람의 존재 자체가 지워지고 있어.,,Characters/세이카/찡그림,,,,7,,False,False,
ch1_result_perfect.json,ch1_result_perfect,7,미나,크읏... 심연의 고문서에 기록된 바와 같군. 존재뿐만 아니라 기억과 기록마저 서서히 부식시키는 '그 현상'...,Characters/미나/음침,,Characters/세이카/기본,,,8,,True,False,
ch1_result_perfect.json,ch1_result_perfect,8,카스미,...과학적으로 말이 안 됩니다. 하지만... 증거가 그렇게 가리키고 있으니 인정할 수밖에 없군요.,Characters/카스미/찡그림,,Characters/세이카/기본,,,9,,True,False,
ch1_result_perfect.json,ch1_result_perfect,9,리리스,잭오가 한 가지 더 기록. 멜로디가 연주되는 동안... 비정상적인 주파수가 일정한 패턴을 형성.,Characters/리리스/기본,,Characters/세이카/기본,,,10,,True,False,
ch1_result_perfect.json,ch1_result_perfect,10,리리스,디코딩 결과... 하나의 메시지. '나를 찾아줘'.,Characters/리리스/기본,,Characters/세이카/기본,,,11,,False,False,
ch1_result_perfect.json,ch1_result_perfect,11,,,,,,,EFFECT:FLASH,12,,False,False,
ch1_result_perfect.json,ch1_result_perfect,12,하루카,흐윽... 얼마나 무섭고 외로웠을까요... 아무도 자신을 기억해주지 않는 세계에서...,Characters/하루카/측은,,Characters/리나/기본,,,13,,True,False,
ch1_result_perfect.json,ch1_result_perfect,13,리나,이런 거... 절대 용납 못 해! 우리가 반드시 찾아서 구해줘야 해!,Characters/하루카/측은,,Characters/리나/찡그림,,,14,,False,False,
ch1_result_perfect.json,ch1_result_perfect,14,세이카,5년 주기의 실종 사건들... 이 모든 게 연결되어 있어. 이것이 '그 현상'의 첫 번째 결정적 증거다.,,Characters/세이카/기본,,,,15,,True,False,
ch1_result_perfect.json,ch1_result_perfect,15,세이카,이 사건은 끝이 아니야. 시작이야. 잊혀진 사람들을 — 우리가 찾아야 해.,,Characters/세이카/웃음,,,,16,,False,False,
ch1_result_perfect.json,ch1_result_perfect,16,,,,,,,START_DIALOGUE:ch1_resolution,-1,,,,
ch1_resolution.json,ch1_resolution,0, ,"세이카의 추리가 끝나자, 음악실 안의 공기가 변했다.",,,,Images/mansion_interior,,1,,,,
ch1_resolution.json,ch1_resolution,1, ,그리고 다시 — 피아노 건반이 움직이기 시작했다.,,,,,EFFECT:SHAKE,2,,,,
ch1_resolution.json,ch1_resolution,2,리나,"와씨, 대박! 방금 건반 진짜 지 혼자 움직인 거 맞지?!",Characters/리나/놀람,,Characters/카스미/기본,,,3,,,,
ch1_resolution.json,ch1_resolution,3,카스미,기다려요. 이번에는 아까와 다릅니다. 선율이...,Characters/리나/기본,,Characters/카스미/찡그림,,,4,,,,
ch1_resolution.json,ch1_resolution,4, ,"이번 선율은 아까처럼 처연하고 슬프지 않았다. 마치 무언가를 '전하려는' 듯, 또박또박 음을 짚어가는 연주였다.",,,,,,5,,,,
ch1_resolution.json,ch1_resolution,5,리리스,잭오 음향 센서 액티브. 주파수 패턴 변동. 아까보다 훨씬 복잡한 구조.,Characters/리리스/기본,,Characters/미나/기본,,,6,,,,
ch1_resolution.json,ch1_resolution,6,리리스,단순 멜로디 아님. 이건... 반복 구조 존재. 마치 언어.,Characters/리리스/기본,,Characters/미나/기본,,,7,,,,
ch1_resolution.json,ch1_resolution,7,미나,.......,Characters/리리스/기본,,Characters/미나/기본,,,8,,,,
ch1_resolution.json,ch1_resolution,8, ,미나가 갑자기 눈을 감았다. 양손이 미세하게 떨리고 있었다.,,,,,,9,,,,
ch1_resolution.json,ch1_resolution,9,하루카,"미, 미나 언니? 괜찮아요?",Characters/하루카/기본,,Characters/미나/기본,,,10,,,,
ch1_resolution.json,ch1_resolution,10,미나,...보여. 누군가가 보여.,Characters/하루카/기본,,Characters/미나/음침,,,11,,,,
ch1_resolution.json,ch1_resolution,11, ,"미나의 목소리에서 평소의 중2병 연기는 완전히 사라져 있었다. 그 자리에는 무언가에 홀린 듯한, 투명한 목소리만 남아 있었다.",,,,,,12,,,,
ch1_resolution.json,ch1_resolution,12,미나,...윤곽이 흐려... 하지만 손가락이 길어. 피아니스트의 손이야.,Characters/하루카/기본,,Characters/미나/음침,,,13,,,,
ch1_resolution.json,ch1_resolution,13,미나,...매일 밤 이곳에서... 혼자서 연주하고 있어. 아무도 없는 텅 빈 건물에서.,Characters/하루카/기본,,Characters/미나/기본,,,14,,,,
ch1_resolution.json,ch1_resolution,14,미나,...건반이 붉어. 손가락이 찢어지는데도 멈추지 않아. 잊혀지기 싫어서... 제발 자기를 봐달라고...,Characters/하루카/기본,,Characters/미나/측은,,,15,,,,
ch1_resolution.json,ch1_resolution,15,카스미,"아까 수거한 낡은 음악 잡지를 보십시오. 사진과 이름은 부식되어 판독 불가하지만, '올해의 유망주가 전국 콩쿠르를 앞두고 있다'는 기사 내용은 남아 있습니다. 미나가 본 환영의 정체와 일치합니다.",,Characters/카스미/기본,,,,16,,,,
ch1_resolution.json,ch1_resolution,16,카스미,...빛바랜 콩쿠르 프로그램. 참가자 목록에서 이름이 지워진 사람.,,Characters/카스미/기본,,,,17,,,,
ch1_resolution.json,ch1_resolution,17,카스미,미나의 증언과 일치합니다. 하지만 이름은... 잉크가 번져서 판독이 불가능합니다.,,Characters/카스미/기본,,,,18,,,,
ch1_resolution.json,ch1_resolution,95,카스미,"그리고 부서진 메트로놈. 태엽이 끊어져 있지만, 멈춘 위치가 이상합니다. 분당 66회... 이 곡의 정확한 템포입니다.",Characters/카스미/기본,,Characters/미나/기본,,,96,,,,
ch1_resolution.json,ch1_resolution,96,세이카,"연주자가 사라진 뒤에도, 메트로놈만은 그 사람의 템포를 기억하고 있었다는 거야.",Characters/카스미/측은,,Characters/세이카/음침,,,18,,,,
ch1_resolution.json,ch1_resolution,18,리리스,잠깐. 지금 연주되고 있는 음파 패턴을 디코딩하면...,Characters/리리스/기본,Characters/카스미/기본,Characters/리나/기본,,,19,,,,
ch1_resolution.json,ch1_resolution,19, ,"리리스의 손가락이 노트북 위에서 빠르게 움직였다. 음파의 반복 구조를 분석하자, 화면에 문자 하나하나가 떠올랐다.",,,,,,20,,,,
ch1_resolution.json,ch1_resolution,20,리리스,"단순 즉흥 연주 아님. 음 길이, 일정 패턴 반복. 인위적 신호.",Characters/리리스/기본,Characters/카스미/기본,Characters/리나/기본,,,21,,,,
ch1_resolution.json,ch1_resolution,21,카스미,음의 길이가 패턴? 어떤 의미가 있는 건가요?,,Characters/카스미/기본,Characters/리나/기본,,,22,,,,
ch1_resolution.json,ch1_resolution,22,리리스,짧은 음과 긴 음이 번갈아 나옴. 이건... 모스 부호.,Characters/리리스/기본,Characters/카스미/기본,Characters/리나/기본,,,23,,,,
ch1_resolution.json,ch1_resolution,23,리나,...거짓말. 음악으로... 말을 걸고 있는 거였어?,Characters/리리스/기본,Characters/카스미/기본,Characters/리나/놀람,,,24,,,,
ch1_resolution.json,ch1_resolution,24,리리스,피아니스트니까. 음의 장단으로 메시지를 전하는 건 오히려 자연스러움.,Characters/리리스/기본,Characters/카스미/기본,Characters/리나/기본,,,25,,,,
ch1_resolution.json,ch1_resolution,25, ,화면의 점과 선들이 이내 몇 개의 글자로 변환되었다.,,,,,,26,,,,
ch1_resolution.json,ch1_resolution,26,리리스,"디코딩 결과... ㅎ, ㅏ, ㅇ, ㅠ. 하유.",Characters/리리스/기본,,Characters/하루카/기본,,,27,,,,
ch1_resolution.json,ch1_resolution,27,하루카,하유... 이름인가요?,Characters/리리스/기본,,Characters/하루카/기본,,,28,,,,
ch1_resolution.json,ch1_resolution,28,리리스,뒷부분은 노이즈에 묻혀서 복원이 안 됨. 이름의 일부만 남음.,Characters/리리스/기본,,Characters/하루카/기본,,,29,,,,
ch1_resolution.json,ch1_resolution,29,세이카,이름조차 온전히 남기지 못했다는 거야. '잊혀지는 현상'이 그 사람의 이름까지 지우고 있어.,Characters/세이카/기본,,Characters/카스미/기본,,,30,,,,
ch1_resolution.json,ch1_resolution,30,세이카,정리하자. 내가 5년 전부터 추적해온 자료와 종합하면...,Characters/세이카/기본,,Characters/카스미/기본,,,31,,,,
ch1_resolution.json,ch1_resolution,31,세이카,"2001년, 2006년, 2011년, 2016년, 2021년. 5년 간격으로 노을시 구시가지에서 한 명씩 사라졌어.",Characters/세이카/음침,,Characters/카스미/기본,,,32,,,,
ch1_resolution.json,ch1_resolution,32,세이카,"단순한 실종이 아니야. 실종 신고 기록이 사라지고, 주변 사람들의 기억에서도 서서히 지워졌지.",Characters/세이카/기본,,Characters/카스미/기본,,,33,,,,
ch1_resolution.json,ch1_resolution,33,세이카,이 피아니스트는 2016년 주기의 피해자일 가능성이 높아.,Characters/세이카/기본,,Characters/카스미/기본,,,34,,,,
ch1_resolution.json,ch1_resolution,34,카스미,하지만 의문입니다. 10년 전에 사라진 사람의 연주가 왜 하필 최근 일주일 전부터 들리기 시작한 걸까요?,Characters/세이카/기본,,Characters/카스미/찡그림,,,35,,,,
ch1_resolution.json,ch1_resolution,35,세이카,"완전히 지워지기 직전이니까. 존재가 소멸하는 마지막 단계에서 경계가 얇아지면서, 현실로 소리가 새어나오기 시작한 거야.",Characters/세이카/기본,,Characters/카스미/기본,,,36,,,,
ch1_resolution.json,ch1_resolution,36,세이카,"역설적이지만... 이 소리가 들린다는 건, 이 사람에게 남은 시간이 얼마 없다는 뜻이야.",Characters/세이카/기본,,Characters/카스미/기본,,,37,,,,
ch1_resolution.json,ch1_resolution,37,카스미,"그렇다면 다음 주기는... 2021년. 그리고 그 다음은 올해, 2026년.",Characters/세이카/기본,,Characters/카스미/기본,,,38,,,,
ch1_resolution.json,ch1_resolution,38,세이카,"안타깝게도 2021년의 피해자는 아직 단서조차 찾지 못했어. 하지만 올해, 2026년의 희생자만큼은 반드시 막아야 해.",Characters/세이카/기본,,Characters/리나/기본,,,39,,,,
ch1_resolution.json,ch1_resolution,39,리나,...그러니까 올해 안에 또 한 명이 사라질 수도 있다는 거잖아.,Characters/세이카/기본,,Characters/리나/기본,,,40,,,,
ch1_resolution.json,ch1_resolution,40,리나,"헐, 그럼 이 미친 짓이 아직 안 끝났다는 거잖아! 지금 이 순간에도 누구 하나 지워지고 있을 수 있단 거 아냐?!",Characters/세이카/기본,,Characters/리나/기본,,,41,,,,
ch1_resolution.json,ch1_resolution,41,미나,'현상'은 사람을 죽이는 게 아니야. 존재 자체를 지우는 것이다.,Characters/미나/음침,,Characters/세이카/기본,,,42,,,,
ch1_resolution.json,ch1_resolution,42,미나,"기록이 서서히 부식되고, 기억이 흐려지고, 이름이 사라지고... 마지막에는 육체마저 투명해져.",Characters/미나/음침,,Characters/세이카/기본,,,43,,,,
ch1_resolution.json,ch1_resolution,43,미나,하지만 이 피아니스트는... 아직 완전히 지워지지 않았어.,Characters/미나/기본,,Characters/세이카/기본,,,44,,,,
ch1_resolution.json,ch1_resolution,44,미나,"음악이 남아 있으니까. 이 건물에 새겨진 음악이, 마지막 실 한 가닥처럼 이 사람을 세상에 붙들어 두고 있는 거야.",Characters/미나/기본,,Characters/세이카/기본,,,45,,,,
ch1_resolution.json,ch1_resolution,45,하루카,"...그러면 우리가 여기 온 게, 의미가 있었던 건가요?",Characters/하루카/측은,,Characters/세이카/기본,,,46,,,,
ch1_resolution.json,ch1_resolution,46, ,"세이카가 하루카를 바라보았다. 오늘 밤 내내, 다른 누구보다 이 피아니스트의 고독을 이해하고 있었던 건 하루카였다.",,,,,,47,,,,
ch1_resolution.json,ch1_resolution,47,세이카,"...하루카, 피아노 앞에 가볼래?",Characters/하루카/기본,,Characters/세이카/기본,,,48,,,,
ch1_resolution.json,ch1_resolution,48,하루카,"헉... 네...?! 저, 저요?!",Characters/하루카/당황,,Characters/세이카/기본,,,49,,,,
ch1_resolution.json,ch1_resolution,49,세이카,그냥 손을 올려놓기만 해도 돼. 괜찮아.,Characters/하루카/기본,,Characters/세이카/기본,,,50,,,,
ch1_resolution.json,ch1_resolution,50, ,"하루카가 조심스럽게 피아노 앞에 섰다. 떨리는 손을 천천히 뻗어, 건반 위에 살며시 올려놓았다.",,,,,,51,,,,
ch1_resolution.json,ch1_resolution,51, ,.......,,,,,,52,,,,
ch1_resolution.json,ch1_resolution,52, ,"하루카는 알고 있었다. 투명인간 취급을 받으며, 아무도 자신을 봐주지 않는 교실에서 혼자 도시락을 먹던 그 끔찍한 추위를.",,,,,,53,,,,
ch1_resolution.json,ch1_resolution,53,하루카,...저도 알아요. 교실에 나 혼자만 투명인간이 된 것 같은 추위. 그러니까... 이제 혼자 연주하지 마세요오...,,Characters/하루카/측은,,,,54,,,,
ch1_resolution.json,ch1_resolution,54, ,하루카의 눈에서 눈물이 떨어져 건반 위로 번졌다.,,,,,,55,,,,
ch1_resolution.json,ch1_resolution,55, ,"그 순간 — 얼음장 같던 건반 아래에서, 희미한 온기가 배어 나왔다.",,,,,EFFECT:FLASH,56,,,,
ch1_resolution.json,ch1_resolution,56,하루카,...따뜻해요. 건반이... 따뜻해요. 울고 있어요... 이 사람...,,Characters/하루카/미소,,,,57,,,,
ch1_resolution.json,ch1_resolution,57,하루카,이 사람이... 여기 있어요. 지금도.,,Characters/하루카/미소,,,,58,,,,
ch1_resolution.json,ch1_resolution,58, ,단 하나의 음이 울렸다. 하루카가 누른 것이 아니었다. 건반이 스스로 내려갔다.,,,,,,59,,,,
ch1_resolution.json,ch1_resolution,59, ,"그 음을 시작으로, 피아노가 다시 연주를 시작했다.",,,,,,60,,,,
ch1_resolution.json,ch1_resolution,60, ,"이번 선율은 달랐다. 처음 들었던 처연한 곡도, 메시지를 전하려던 또박또박한 음도 아니었다.",,,,,,61,,,,
ch1_resolution.json,ch1_resolution,61, ,"따뜻하고, 부드럽고, 어딘가 고마운 마음이 담긴 선율이었다.",,,,,,62,,,,
ch1_resolution.json,ch1_resolution,62,리나,.......,Characters/리나/기본,,Characters/카스미/기본,,,63,,,,
ch1_resolution.json,ch1_resolution,63,카스미,.......,Characters/리나/기본,,Characters/카스미/기본,,,64,,,,
ch1_resolution.json,ch1_resolution,64, ,"아무도 말하지 않았다. 그저 그 보이지 않는 연주자의 곁에, 조용히 서 있어 주었다.",,,,,,65,,,,
ch1_resolution.json,ch1_resolution,65, ,"카스미가 안경을 벗었다. 렌즈에 맺힌 것이 김인지 눈물인지, 그녀 자신도 모르는 것 같았다.",,,,,,66,,,,
ch1_resolution.json,ch1_resolution,66,카스미,...이런 비과학적인 현상을... 언니도 어딘가에서 겪고 있었던 걸까요.,Characters/리나/기본,,Characters/카스미/측은,,,67,,,,
ch1_resolution.json,ch1_resolution,67, ,"리리스가 노트북을 닫고, 처음으로 맨눈으로 피아노를 바라보았다.",,,,,,68,,,,
ch1_resolution.json,ch1_resolution,68, ,"...평소처럼 가식적인 대사를 덧붙이지 않았다. 그저 조용히 눈을 감고, 고개를 살짝 숙였다.",,Characters/미나/기본,,,,69,,,,
ch1_resolution.json,ch1_resolution,69, ,연주가 끝났다. 먼지가 천천히 가라앉았다. 창밖에서 첫 번째 새가 울기 시작했다.,,,,,,70,,,,
ch1_resolution.json,ch1_resolution,70,세이카,"...잠깐. 미나, 아까 말했지? 음악이 이 사람을 세상에 붙들어 두고 있다고.",Characters/세이카/기본,,Characters/미나/기본,,,71,,,,
ch1_resolution.json,ch1_resolution,71,미나,그래... 마지막 실 한 가닥으로.,Characters/세이카/기본,,Characters/미나/기본,,,72,,,,
ch1_resolution.json,ch1_resolution,72,세이카,만약 우리가 그 실을 잡아당기면? 여섯 명이 동시에 이 사람의 이름을 기억하고 부르면?,Characters/세이카/기본,,Characters/미나/놀람,,,73,,,,
ch1_resolution.json,ch1_resolution,73,카스미,...기억이 현상에 대항하는 힘이 된다는 건가요?,,Characters/카스미/찡그림,,,,74,,,,
ch1_resolution.json,ch1_resolution,74,세이카,해보자. 우리가 알아낸 이름을 부르는 거야. 다같이.,,Characters/세이카/기본,,,,75,,,,
ch1_resolution.json,ch1_resolution,75, ,여섯 명이 피아노를 둘러쌌다. 새벽빛이 먼지 사이로 스며들고 있었다.,,,,,,76,,,,
ch1_resolution.json,ch1_resolution,76,세이카,하유.,,Characters/세이카/기본,,,,77,,,,
ch1_resolution.json,ch1_resolution,77,하루카,...하유 씨.,,Characters/하루카/측은,,,,78,,,,
ch1_resolution.json,ch1_resolution,78,리나,하유!,,Characters/리나/기본,,,,79,,,,
ch1_resolution.json,ch1_resolution,79,카스미,...하유.,,Characters/카스미/기본,,,,80,,,,
ch1_resolution.json,ch1_resolution,80,리리스,...하유.,,Characters/리리스/눈 감음,,,,81,,,,
ch1_resolution.json,ch1_resolution,81,미나,...하유.,,Characters/미나/기본,,,,82,,,,
ch1_resolution.json,ch1_resolution,82,,,,,,,EFFECT:FLASH,83,,,,
ch1_resolution.json,ch1_resolution,83, ,그 순간 — 피아노 앞의 공기가 흔들렸다.,,,,,,84,,,,
ch1_resolution.json,ch1_resolution,84, ,"투명한 윤곽이, 건반 위에 손을 올린 채 서서히 나타났다.",,,,,EFFECT:SHAKE,85,,,,
ch1_resolution.json,ch1_resolution,85,하루카,"보, 보여요...! 이 사람이...!",,Characters/하루카/놀람,,,,86,,,,
ch1_resolution.json,ch1_resolution,86, ,긴 머리카락. 가녀린 손가락. 미나가 묘사한 것과 똑같은 모습이었다. 하지만 유리처럼 투명했다.,,,,,,87,,,,
ch1_resolution.json,ch1_resolution,87, ,소녀가 고개를 돌렸다. 여섯 명을 바라보았다. 그리고 — 미소 지었다.,,,,,,89,,,,
ch1_resolution.json,ch1_resolution,89, ,형체가 희미해지며 다시 흐려지기 시작했다. 하지만 아까와는 달랐다. 완전히 사라지지 않았다.,,,,,,90,,,,
ch1_resolution.json,ch1_resolution,90,리리스,"잭오 센서, 양자 패턴 기록 완료. 존재 흔적 역추적 가능.",,Characters/리리스/기본,,,,91,,,,
ch1_resolution.json,ch1_resolution,91,세이카,온전한 이름을 찾을 수 있어?,,Characters/세이카/기본,,,,92,,,,
ch1_resolution.json,ch1_resolution,92,리리스,(노트북을 두드리며) 시도 중... 2016년 콩쿠르 수상자 명단 잔존 데이터 교차 대조...,,Characters/리리스/기본,,,,93,,,,
ch1_resolution.json,ch1_resolution,93,리리스,...이름 식별 완료. 서하유.,,Characters/리리스/기본,,,,94,,,,
ch1_resolution.json,ch1_resolution,94,세이카,온전한 이름을 찾았어. 다같이 부르자. 이번에는 완전한 이름으로!,,Characters/세이카/기본,,,,95,,,,
ch1_resolution.json,ch1_resolution,95, ,"여섯 명이 숨을 고르고, 한 목소리로 외쳤다.",,,,,,96,,,,
ch1_resolution.json,ch1_resolution,96,세이카,서하유!!!,,Characters/세이카/기본,,,,97,,,,
ch1_resolution.json,ch1_resolution,97, ,투명한 윤곽에 색이 번지기 시작했다—,,,,,,98,,,,
ch1_resolution.json,ch1_resolution,98, ,그 순간. 건물 전체가 격렬하게 흔들렸다.,,,,,,99,,,,
ch1_resolution.json,ch1_resolution,99, ,"피아노 건반이 불협화음을 내지르며 미친 듯이 튀었다. 창문이 깨지고, 악보가 회오리처럼 날렸다.",,,,,,100,,,,
ch1_resolution.json,ch1_resolution,100,카스미,"뭐, 뭐야 이건...?!",,Characters/카스미/기본,,,,101,,,,
ch1_resolution.json,ch1_resolution,101,리리스,잭오 센서 이상 반응... 현상이 저항하고 있음. 기억의 닻을 끊으려는 듯한 에너지 감지.,,Characters/리리스/찡그림,,,,102,,,,
ch1_resolution.json,ch1_resolution,102,세이카,현상이 되찾기를 거부하고 있어...!,,Characters/세이카/기본,,,,103,,,,
ch1_resolution.json,ch1_resolution,103, ,서하유의 형체가 다시 흐려지기 시작했다. 마치 보이지 않는 손이 그녀를 다시 끌어당기는 것처럼.,,,,,,104,,,,
ch1_resolution.json,ch1_resolution,104,서하유,(희미한 목소리) ...안 돼... 또 사라지는 거야...? 또 혼자가 되는 거야...?,,,,,,105,,,,
ch1_resolution.json,ch1_resolution,105,하루카,"안 돼요!! 잡아요, 다들!!",,Characters/하루카/홍조,,,,106,,,,
ch1_resolution.json,ch1_resolution,106,리나,(피아노 앞을 막아서며) 안 보내! 절대 안 보낸다!! 눈앞에서 사람이 사라지는 꼴은 절대 못 봐!!,,Characters/리나/찡그림,,,,107,,,,
ch1_resolution.json,ch1_resolution,107, ,리나가 피아노를 두 팔로 껴안았다. 이 안에 있는 사람을 놓치지 않겠다는 듯.,,,,,,108,,,,
ch1_resolution.json,ch1_resolution,108,카스미,(떨리는 손으로 수첩을 펼치며) 서하유. 2016년 전국 피아노 콩쿠르 수상자. 노을시 출신. 이 기록은 제가 지킵니다. 과학자의 기록은 지워지지 않아요.,,Characters/카스미/기본,,,,109,,,,
ch1_resolution.json,ch1_resolution,109,리리스,"잭오, 풀파워. 서하유 존재 데이터, 실시간 전 세계 서버 동시 전송 개시. ...지워볼 테면 지워봐. 인터넷 전체를 상대로.",,Characters/리리스/찡그림,,,,110,,,,
ch1_resolution.json,ch1_resolution,110,미나,"(눈을 감고) ...이 몸의 힘이 진짜인지 가짜인지, 오늘 확인해보겠다.",,Characters/미나/음침,,,,111,,,,
ch1_resolution.json,ch1_resolution,111, ,"미나의 주변에 희미한 빛이 감돌았다. 중2병 연기인지 진짜 능력인지, 이 순간만큼은 아무도 구분할 수 없었다.",,,,,,112,,,,
ch1_resolution.json,ch1_resolution,112,세이카,"(수첩에 적으며) 서하유. 이 이름은 내가 기억한다. 이 수첩이 불에 타도, 내 머릿속에서 지워지지 않아.",,Characters/세이카/기본,,,,113,,,,
ch1_resolution.json,ch1_resolution,113,하루카,(건반 위에 두 손을 올리며) 하유 씨... 저도 혼자였어요. 아무도 안 봐주는 게 얼마나 무서운 건지 알아요.,,Characters/하루카/측은,,,,114,,,,
ch1_resolution.json,ch1_resolution,114,하루카,그러니까 이제... 혼자 두지 않을게요.,,Characters/하루카/측은,,,,115,,,,
ch1_resolution.json,ch1_resolution,115, ,"건물이 흔들리고, 먼지가 소용돌이쳤다. 서하유의 형체가 희미해졌다가 다시 선명해졌다가를 반복했다.",,,,,,116,,,,
ch1_resolution.json,ch1_resolution,116,리리스,전송률 47%... 62%... 데이터 분산 중...,,Characters/리리스/기본,,,,117,,,,
ch1_resolution.json,ch1_resolution,117, ,잭오가 음악실 상공을 선회하며 서하유의 존재 데이터를 세계 각지로 쏘아보내고 있었다.,,,,,,118,,,,
ch1_resolution.json,ch1_resolution,118,리리스,78%... 91%...,,Characters/리리스/기본,,,,119,,,,
ch1_resolution.json,ch1_resolution,119, ,그리고 어딘가에서 — 누군가가 그 데이터를 읽었다. 조회수 1. 2. 5. 12. 31.,,,,,,120,,,,
ch1_resolution.json,ch1_resolution,120,리리스,"...외부 인식 유입 감지. 기억의 닻, 확산 시작.",,Characters/리리스/기본,,,,121,,,,
ch1_resolution.json,ch1_resolution,121, ,세상이 서하유를 기억하기 시작했다.,,,,,,122,,,,
ch1_resolution.json,ch1_resolution,122,리리스,전송 100%. 완료.,,Characters/리리스/기본,,,,123,,,,
ch1_resolution.json,ch1_resolution,123, ,"불협화음이 멈추었다. 회오리가 가라앉았다. 먼지가 천천히, 빛처럼 내려앉았다.",,,,,,124,,,,
ch1_resolution.json,ch1_resolution,124, ,"그리고 — 피아노 앞에, 한 소녀가 앉아 있었다. 더 이상 투명하지 않은, 온전한 사람이.",,,,,,125,,,,
ch1_resolution.json,ch1_resolution,125,서하유,......,,,,,,126,,,,
ch1_resolution.json,ch1_resolution,126,서하유,"...들려. 드디어... 내 소리가, 누군가한테 들리고 있어.",,,,,,127,,,,
ch1_resolution.json,ch1_resolution,127, ,서하유의 눈에서 눈물이 흘러내렸다. 10년 동안 흘리지 못했던 눈물이었다.,,,,,,128,,,,
ch1_resolution.json,ch1_resolution,128,서하유,"매일 밤 쳤어요. 매일 밤, 매일 밤... 누군가 들어주길 바라면서. 한 명이라도 기억해주길 바라면서.",,,,,,129,,,,
ch1_resolution.json,ch1_resolution,129,서하유,"그런데 아무도... 아무도 오지 않았어요. 내 이름을 부르는 사람도, 내 연주를 듣는 사람도...",,,,,,130,,,,
ch1_resolution.json,ch1_resolution,130,서하유,"...포기할 뻔했어요. 여러 번. 건반을 치는 손이 닳아서, 소리가 안 나는 날도 있었어요.",,,,,,131,,,,
ch1_resolution.json,ch1_resolution,131,서하유,그래도 쳤어요. 멈추면 진짜 사라질 것 같아서.,,,,,,132,,,,
ch1_resolution.json,ch1_resolution,132,하루카,(울면서) 들었어요. 우리가 전부 다 들었어요.,,Characters/하루카/측은,,,,133,,,,
ch1_resolution.json,ch1_resolution,133,서하유,...고마워요. 찾아줘서. 기억해줘서. 싸워줘서.,,,,,,134,,,,
ch1_resolution.json,ch1_resolution,134, ,"서하유가 건반 위에 손을 올렸다. 10년 만의, 누군가를 위한 연주.",,,,,,135,,,,
ch1_resolution.json,ch1_resolution,135, ,"이번 선율은 달랐다. 외로움도, 절박함도, 두려움도 없었다. 그저 따뜻하고, 감사하고, 살아있다는 것이 기쁜 곡.",,,,,,136,,,,
ch1_resolution.json,ch1_resolution,136,리나,......,,Characters/리나/기본,,,,137,,,,
ch1_resolution.json,ch1_resolution,137,카스미,......,,Characters/카스미/기본,,,,138,,,,
ch1_resolution.json,ch1_resolution,138, ,아무도 말하지 않았다. 그저 들었다.,,,,,,139,,,,
ch1_resolution.json,ch1_resolution,139, ,연주가 끝났다. 창밖에서 새가 울기 시작했다.,,,,,,140,,,,
ch1_resolution.json,ch1_resolution,140,서하유,(미소) 처음이에요. 연주가 끝나고 박수 대신 울음소리가 들리는 건.,,,,,,141,,,,
ch1_resolution.json,ch1_resolution,141,리나,"(코를 훌쩍이며) 누, 누가 울어!! 먼지가 들어간 거라고!!",,Characters/리나/찡그림,,,,142,,,,
ch1_resolution.json,ch1_resolution,142,세이카,"...약속을 지켰네. 잊혀진 사람을, 되찾았어.",,Characters/세이카/기본,,,,143,,,,
ch1_resolution.json,ch1_resolution,143,세이카,네버모어의 첫 번째 사건 — 해결.,,Characters/세이카/기본,,,,144,,,,
ch1_resolution.json,ch1_resolution,144, ,...,,,,,,145,,,,
ch1_resolution.json,ch1_resolution,145, ,,,,,,START_DIALOGUE:ch1_epilogue,-1,,,,
ch1_epilogue.json,,0, ,,,,,,,1,,,,
ch1_epilogue.json,,1, ,,,,,,,2,,,,
ch1_epilogue.json,,2,하루카,,Characters/하루카/미소,,Characters/리나/기본,,,3,,,,
ch1_epilogue.json,,3,서하유,,,,,,,4,,,,
ch1_epilogue.json,,4,하루카,,Characters/하루카/웃음,,Characters/리나/기본,,,5,,,,
ch1_epilogue.json,,5,리나,,Characters/하루카/기본,,Characters/리나/찡그림,,,6,,,,
ch1_epilogue.json,,6,하루카,,Characters/하루카/삐짐,,Characters/리나/기본,,,7,,,,
ch1_epilogue.json,,7,리리스,,,Characters/리리스/기본,,,,8,,,,
ch1_epilogue.json,,8,서하유,,,,,,,9,,,,
ch1_epilogue.json,,9,카스미,,Characters/카스미/미소,,,,,10,,,,
ch1_epilogue.json,,10,서하유,,,,,,,11,,,,
ch1_epilogue.json,,11,카스미,,Characters/카스미/기본,,,,,12,,,,
ch1_epilogue.json,,12,서하유,,,,,,,13,,,,
ch1_epilogue.json,,13, ,,,,,,,14,,,,
ch1_epilogue.json,,14,미나,,,Characters/미나/기본,,,,15,,,,
ch1_epilogue.json,,15, ,,,,,,,16,,,,
ch1_epilogue.json,,16, ,,,,,,,17,,,,
ch1_epilogue.json,,17,리리스,,Characters/리리스/기본,,Characters/리나/기본,,,18,,,,
ch1_epilogue.json,,18,리나,,Characters/리리스/기본,,Characters/리나/웃음,,,19,,,,
ch1_epilogue.json,,19,세이카,,Characters/세이카/찡그림,,Characters/카스미/기본,,,20,,,,
ch1_epilogue.json,,20,카스미,,Characters/세이카/기본,,Characters/카스미/기본,,,21,,,,
ch1_epilogue.json,,21,리나,,Characters/세이카/기본,,Characters/리나/놀람,,,22,,,,
ch1_epilogue.json,,22,카스미,,Characters/세이카/기본,,Characters/카스미/기본,,,23,,,,
ch1_epilogue.json,,23,리리스,,Characters/리리스/기본,,Characters/카스미/기본,,,24,,,,
ch1_epilogue.json,,24, ,,,,,,,25,,,,
ch1_epilogue.json,,25,미나,,Characters/미나/음침,,Characters/카스미/기본,,,26,,,,
ch1_epilogue.json,,26,카스미,,Characters/미나/기본,,Characters/카스미/기본,,,27,,,,
ch1_epilogue.json,,27,리나,,Characters/리나/기본,,Characters/하루카/놀람,,,28,,,,
ch1_epilogue.json,,28,리나,,Characters/리나/기본,,Characters/하루카/놀람,,,29,,,,
ch1_epilogue.json,,29,하루카,,Characters/리나/찡그림,,Characters/하루카/놀람,,,30,,,,
ch1_epilogue.json,,30,세이카,,Characters/세이카/당황,,Characters/리나/기본,,,31,,,,
ch1_epilogue.json,,31,리리스,,Characters/리리스/기본,Characters/리나/기본,Characters/카스미/기본,,,32,,,,
ch1_epilogue.json,,32,리나,,Characters/리리스/기본,Characters/리나/놀람,Characters/카스미/기본,,,33,,,,
ch1_epilogue.json,,33,카스미,,Characters/리리스/기본,Characters/리나/기본,Characters/카스미/기본,,,34,,,,
ch1_epilogue.json,,34,리리스,,Characters/리리스/기본,Characters/리나/기본,Characters/카스미/기본,,,35,,,,
ch1_epilogue.json,,35,미나,,Characters/미나/기본,Characters/리나/기본,Characters/카스미/기본,,,36,,,,
ch1_epilogue.json,,36,리나,,Characters/미나/당황,Characters/리나/놀람,Characters/카스미/기본,,,37,,,,
ch1_epilogue.json,,37,미나,,Characters/미나/기본,Characters/리나/기본,Characters/카스미/기본,,,38,,,,
ch1_epilogue.json,,38,카스미,,Characters/미나/당황,Characters/리나/기본,Characters/카스미/찡그림,,,39,,,,
ch1_epilogue.json,,39,세이카,,Characters/세이카/기본,,Characters/리나/기본,,,40,,,,
ch1_epilogue.json,,40,세이카,,Characters/세이카/기본,,Characters/리나/기본,,,41,,,,
ch1_epilogue.json,,41,리나,,Characters/세이카/기본,,Characters/리나/웃음,,,42,,,,
ch1_epilogue.json,,42,세이카,,Characters/세이카/기본,,Characters/리나/기본,,,43,,,,
ch1_epilogue.json,,43, ,,,,,,,44,,,,
ch1_epilogue.json,,44,세이카,,Characters/세이카/기본,,Characters/리나/기본,,,45,,,,
ch1_epilogue.json,,45, ,,,,,,,46,,,,
ch1_epilogue.json,,46, ,,,,,,,47,,,,
ch1_epilogue.json,,47,서하유,,,,,,,48,,,,
ch1_epilogue.json,,48,서하유,,,,,,,49,,,,
ch1_epilogue.json,,49, ,,,,,,,50,,,,
ch1_epilogue.json,,50, ,,,,,,,51,,,,
ch1_epilogue.json,,51, ,,,,,,,52,,,,
ch1_epilogue.json,,52, ,,,,,,,53,,,,
ch1_epilogue.json,,53, ,,,,,,,54,,,,
ch1_epilogue.json,,54,서하유,,,,,,,55,,,,
ch1_epilogue.json,,55,리나,,Characters/리나/측은,,Characters/카스미/기본,,,56,,,,
ch1_epilogue.json,,56,카스미,,Characters/리나/측은,,Characters/카스미/미소,,,57,,,,
ch1_epilogue.json,,57,하루카,,,Characters/하루카/웃음,,,,58,,,,
ch1_epilogue.json,,58,서하유,,,,,,,59,,,,
ch1_epilogue.json,,59,세이카,,,Characters/세이카/웃음,,,,60,,,,
ch1_epilogue.json,,60,서하유,,,,,,,61,,,,
ch1_epilogue.json,,61,서하유,,,,,,,62,,,,
ch1_epilogue.json,,62, ,,,,,,,63,,,,
ch1_epilogue.json,,63,하루카,,Characters/하루카/놀람,,Characters/세이카/웃음,,,64,,,,
ch1_epilogue.json,,64,세이카,,Characters/하루카/놀람,,Characters/세이카/웃음,,,65,,,,
ch1_epilogue.json,,65, ,,,,,,,66,,,,
ch1_epilogue.json,,66, ,,,,,,,67,,,,
ch1_epilogue.json,,67, ,,,,,,,68,,,,
ch1_epilogue.json,,68, ,,,,,,,69,,,,
ch1_epilogue.json,,69, ,,,,,,END,-1,,,,
ch1_result_fail.json,ch1_result_fail,0,카스미,"소장님, 추론의 일부가 맞지 않습니다. 증거와 결론 사이에 논리적 비약이 있어요.",,Characters/카스미/찡그림,,Images/mansion_interior,,1,,False,False,
ch1_result_fail.json,ch1_result_fail,1,카스미,"각 증거가 정확히 무엇을 증명하는지, 하나씩 다시 짚어볼 필요가 있습니다.",,Characters/카스미/기본,,,,2,,False,False,
ch1_result_fail.json,ch1_result_fail,2,세이카,...맞아. 서두르면 안 돼. 증거의 설명을 꼼꼼하게 읽어보자.,Characters/세이카/당황,,Characters/카스미/기본,,,3,,True,False,
ch1_result_fail.json,ch1_result_fail,3,리리스,힌트 제공. 증거 내 무관련 데이터 혼입 가능성 있음. 설명문 재확인 요망.,Characters/리리스/기본,,Characters/세이카/기본,,,4,,True,False,
ch1_result_fail.json,ch1_result_fail,4,미나,서두르지 마라... 진실은 언제나 증거 속에 숨어 있느니라.,Characters/미나/기본,,Characters/세이카/기본,,,5,,True,False,
ch1_result_fail.json,ch1_result_fail,5,,,,,,,CHANGE_PHASE:Deduction,-1,,False,False,
